<?xml version="1.0" encoding="UTF-8"?>
<element>
   <form>
      <fields>
         <fieldset name="general-settings" label="TPL_ASTROID_GENERAL_SETTINGS_LABEL" addfieldpath="/libraries/astroid/framework/fields">
            <field type="astroidtext" class="form-control" label="ASTROID_ELEMENT_TITLE_LABEL" name="title"></field>
            <field type="astroidtext" class="form-control" label="ASTROID_CUSTOM_CLASS" name="customclass"></field>
            <field type="astroidtext" class="form-control" label="ASTROID_CUSTOM_ID" name="customid"></field>
            <field name="layout_type" type="astroidlist" label="ASTROID_ELEMENT_LAYOUT_SECTION_LAYOUT_LABEL" hint="Background Repeat">
               <option value="">ASTROID_CONTAINER</option>
               <option value="container-fluid">ASTROID_CONTAINER_FLUID</option>
               <option value="container-with-no-gutters">ASTROID_CONTAINER_WITH_NO_GUTTERS</option>
               <option value="container-fluid-with-no-gutters">ASTROID_CONTAINER_FLUID_WITH_NO_GUTTERS</option>
               <option value="no-container">ASTROID_ELEMENT_LAYOUT_SECTION_LAYOUT_OPTIONS_WITHOUT_CONTAINER</option>
               <option value="custom-container">ASTROID_ELEMENT_LAYOUT_SECTION_LAYOUT_OPTIONS_CUSTOM</option>
            </field>
            <field type="astroidtext" class="form-control" label="ASTROID_ELEMENT_LAYOUT_CUSTOM_CLASS_LABEL" name="custom_container_class"></field>
         </fieldset>
         <fieldset name="design-settings" label="ASTROID_ELEMENT_HEAD_DESIGN_SEETINGS_LABEL" addfieldpath="/libraries/astroid/framework/fields">
            <field name="animation" type="astroidanimations" label="ASTROID_ANIMATION" ></field>
            <field ngShow="animation AND animation!=''" name="animation_delay" class="form-control" type="astroidtext" label="ASTROID_ANIMATION_DELAY" description="ASTROID_ANIMATION_DELAY_DESC"></field>
            <field name="background_settings" type="astroidheading" title="ASTROID_ELEMENT_HEAD_BACKGROUND_OPTIONS_LABEL" />
            <field name="background" type="astroidtext" astroid-switch="true" default="0" label="ASTROID_ELEMENT_CUSTOM_BACKGROUND_LABEL"  />
            
            <field ngShow="background" description="ASTROID_SELECT_BACKGROUND_COLOR_DESC" name="background_color" type="astroidcolor" label="TPL_ASTROID_BACKGROUND_COLOR_LABEL" />

            <field ngShow="background" name="background_image" type="astroidmedia" label="TPL_ASTROID_BACKGROUND_IMAGE_LABEL"/>
            
            <field ngShow="background" name="background_repeat" type="astroidlist" label="TPL_ASTROID_BACKGROUND_REPEAT_LABEL" hint="Background Repeat">
               <option value="">JGLOBAL_INHERIT</option>
               <option value="no-repeat">TPL_ASTROID_BACKGROUND_NO_REPEAT_LABEL</option>
               <option value="repeat-x">TPL_ASTROID_BACKGROUND_REPEAT_HORIZONTALLY_LABEL</option>
               <option value="repeat-y">TPL_ASTROID_BACKGROUND_REPEAT_VERTICAL_LABEL</option>
            </field>
            <field ngShow="background" name="background_size" type="astroidlist" label="ASTROID_BACKGROUND_SIZE">
               <option value="">JGLOBAL_INHERIT</option>
               <option value="cover">ASTROID_BACKGROUND_SIZE_COVER</option>
               <option value="contain">ASTROID_BACKGROUND_SIZE_CONTAIN</option>
            </field>
            <field ngShow="background" name="background_attchment" type="astroidlist" label="ASTROID_BACKGROUND_ATTCHMENT">
               <option value="">JGLOBAL_INHERIT</option>
               <option value="scroll">ASTROID_BACKGROUND_ATTCHMENT_SCROLL</option>
               <option value="fixed">ASTROID_BACKGROUND_ATTCHMENT_FIXED</option>
            </field>	  
            <field ngShow="background" name="background_position" type="astroidlist" label="ASTROID_BACKGROUND_POSITION_LABEL">
               <option value="">JGLOBAL_INHERIT</option>
               <option value="left top">ASTROID_BACKGROUND_POSITION_LEFT_TOP</option>
               <option value="left center">ASTROID_BACKGROUND_POSITION_LEFT_CENTER</option>
               <option value="left bottom">ASTROID_BACKGROUND_POSITION_LEFT_BOTTOM</option>
               <option value="right top">ASTROID_BACKGROUND_POSITION_RIGHT_TOP</option>
               <option value="right center">ASTROID_BACKGROUND_POSITION_RIGHT_CENTER</option>
               <option value="right bottom">ASTROID_BACKGROUND_POSITION_RIGHT_BOTTOM</option>
               <option value="center top">ASTROID_BACKGROUND_POSITION_CENTER_TOP</option>
               <option value="center center">ASTROID_BACKGROUND_POSITION_CENTER_CENTER</option>
               <option value="center bottom">ASTROID_BACKGROUND_POSITION_CENTER_BOTTOM</option>
            </field>
            <field ngShow="background" name="background_video" type="astroidmedia" media="videos" label="TPL_ASTROID_BACKGROUND_VIDEO_LABEL" description="TPL_ASTROID_BACKGROUND_VIDEO_DESC"/>
            
            <field name="colors_settings" type="astroidheading" title="ASTROID_ELEMENT_HEAD_COLOR_OPTIONS_LABEL" />
            
            <field name="custom_colors" type="astroidtext" astroid-switch="true" default="0" label="ASTROID_ELEMENT_CUSTOM_COLORS_LABEL"  />
            
            <field ngShow="custom_colors" name="text_color" type="astroidcolor" label="TPL_ASTROID_TEXT_COLOR_LABEL" />
            <field ngShow="custom_colors" name="link_color" type="astroidcolor" label="TPL_ASTROID_LINK_COLOR_LABEL" />
            <field ngShow="custom_colors" name="link_hover_color" type="astroidcolor" label="TPL_ASTROID_LINK_HOVER_COLOR_LABEL" />
            
         </fieldset>
         <fieldset name="responsive-settings" label="ASTROID_ELEMENT_HEAD_RESPONSIVE_SEETINGS_LABEL" addfieldpath="/libraries/astroid/framework/fields">
            <field name="device_settings" type="astroidheading" title="ASTROID_ELEMENT_HEAD_DEVICE_VISIBILITY_LABEL" />
            <field description="TPL_ASTROID_EXTRA_SMALL_DEVICES_DESC" name="hideonxs" type="astroidtext" astroid-switch="true" default="0" label="TPL_ASTROID_EXTRA_SMALL_DEVICES_LABEL" />
            <field description="TPL_ASTROID_SMALL_DEVICES_DESC" name="hideonsm" type="astroidtext" astroid-switch="true" default="0" label="TPL_ASTROID_SMALL_DEVICES_LABEL" />
            <field description="TPL_ASTROID_MEDIUM_DEVICES_DESC" name="hideonmd" type="astroidtext" astroid-switch="true" default="0" label="TPL_ASTROID_MEDIUM_DEVICES_DESC" />
            <field description="TPL_ASTROID_LARGE_DEVICES_DESC" name="hideonlg" type="astroidtext" astroid-switch="true" default="0" label="TPL_ASTROID_LARGE_DEVICES_LABEL" />
            <field description="TPL_ASTROID_EXTRA_LARGE_DEVICES_DESC" name="hideonxl" type="astroidtext" astroid-switch="true" default="0" label="TPL_ASTROID_EXTRA_LARGE_DEVICES_LABEL" />
         </fieldset>
      </fields>
   </form>
</element>