{
   "preloader": "1",
   "preloader_animation": "circle",
   "preloader_color": "rgb(44, 46, 54)",
   "preloader_bgcolor": "rgb(255, 255, 255)",
   "preloader_size": "40",
   "sass_variables": {
      "spinkit-size": "preloader_size"
   },
   "backtotop": "1",
   "backtotop_icon": "fas fa-arrow-up",
   "backtotop_icon_size": "20",
   "backtotop_icon_color": "rgb(255, 255, 255)",
   "backtotop_icon_bgcolor": "rgb(255, 51, 102)",
   "backtotop_icon_style": "square",
   "backtotop_on_mobile": "1",
   "template_layout": "wide",
   "layout_background_image": "",
   "layout_background_repeat": "",
   "layout_background_size": "",
   "layout_background_position": "",
   "layout_background_attachment": "",
   "header": "1",
   "header_module_position": "astroid-header",
   "header_mode": "horizontal",
   "header_horizontal_menu_mode": "right",
   "header_stacked_menu_mode": "divided",
   "odd_menu_items": "left",
   "header_block_1_type": "blank",
   "header_block_1_position": "",
   "header_block_1_custom": "",
   "header_block_2_type": "blank",
   "header_block_2_position": "",
   "header_block_2_custom": "",
   "header_menu": "mainmenu",
   "header_mobile_menu": "mainmenu",
   "logo_type": "image",
   "logo_text": "Astroid",
   "tag_line": "Your Joomla site Title",
   "defult_logo": "TEMPLATE_NAME/logo.png",
   "mobile_logo": "TEMPLATE_NAME/logo_mobile.png",
   "enable_sticky_menu": "1",
   "stickey_header_logo": "TEMPLATE_NAME/logo_sticky.png",
   "stickyheader": "sticky",
   "stickyheadertablet": "static",
   "stickyheadermobile": "static",
   "enable_offcanvas": "1",
   "offcanvas_togglevisibility": "d-block",
   "offcanvas_panelwidth": "320px",
   "offcanvas_animation": "st-effect-3",
   "dropdown_animation_type": "slide",
   "dropdown_animation_speed": "100",
   "dropdown_animation_ease": "linear",
   "body_background_color": "rgb(255, 255, 255)",
   "body_text_color": "rgb(44, 46, 54)",
   "body_link_color": "rgb(44, 46, 54)",
   "body_link_hover_color": "rgb(255, 51, 102)",
   "header_bg": "rgb(255, 255, 255)",
   "header_text_color": "rgb(44, 46, 54)",
   "header_logo_text_color": "rgb(255, 51, 102)",
   "header_logo_text_tagline_color": "rgb(44, 46, 54)",
   "sticky_header_background_color": "rgb(255, 255, 255)",
   "main_menu_link_color": "rgb(44, 46, 54)",
   "main_menu_link_active_color": "rgb(255, 51, 102)",
   "main_menu_link_hover_color": "rgb(255, 51, 102)",
   "dropdown_bg_color": "rgb(255, 255, 255)",
   "dropdown_link_color": "rgb(44, 46, 54)",
   "dropdown_menu_active_link_color": "rgb(255, 255, 255)",
   "dropdown_menu_active_bg_color": "rgb(255, 51, 102)",
   "dropdown_menu_link_hover_color": "rgb(255, 255, 255)",
   "dropdown_menu_hover_bg_color": "rgb(255, 51, 102)",
   "mobile_backgroundcolor": "rgb(255, 255, 255)",
   "mobile_menu_text_color": "rgb(44, 46, 54)",
   "mobile_menu_link_color": "rgb(44, 46, 54)",
   "mobile_menu_active_link_color": "rgb(255, 51, 102)",
   "mobile_menu_active_bg_color": "rgb(255, 255, 255)",
   "layout": "{\"sections\":[{\"id\":\"551539321230222\",\"type\":\"section\",\"rows\":[{\"id\":\"941539321230222\",\"cols\":[{\"id\":\"211539321230222\",\"elements\":[{\"id\":\"241539321244222\",\"type\":\"module_position\",\"params\":[{\"name\":\"position\",\"value\":\"topbar-1\"},{\"name\":\"title\",\"value\":\"Topbar-1\"},{\"name\":\"customclass\",\"value\":\"\"},{\"name\":\"customid\",\"value\":\"\"},{\"name\":\"animation\",\"value\":\"\"},{\"name\":\"animation_delay\",\"value\":\"\"},{\"name\":\"background\",\"value\":\"0\"},{\"name\":\"background_color\",\"value\":\"\"},{\"name\":\"background_image\",\"value\":\"\"},{\"name\":\"background_repeat\",\"value\":\"\"},{\"name\":\"background_size\",\"value\":\"\"},{\"name\":\"background_attchment\",\"value\":\"\"},{\"name\":\"background_position\",\"value\":\"\"},{\"name\":\"background_video\",\"value\":\"\"},{\"name\":\"hideonxs\",\"value\":\"0\"},{\"name\":\"hideonsm\",\"value\":\"0\"},{\"name\":\"hideonmd\",\"value\":\"0\"},{\"name\":\"hideonlg\",\"value\":\"0\"},{\"name\":\"hideonxl\",\"value\":\"0\"}]}],\"size\":8,\"type\":\"column\",\"params\":[{\"name\":\"title\",\"value\":\"\"}]},{\"id\":\"1091539321232502\",\"elements\":[{\"id\":\"691539321321578\",\"type\":\"module_position\",\"params\":[{\"name\":\"position\",\"value\":\"topbar-2\"},{\"name\":\"title\",\"value\":\"Topbar-2\"},{\"name\":\"customclass\",\"value\":\"float-right\"},{\"name\":\"customid\",\"value\":\"\"},{\"name\":\"animation\",\"value\":\"\"},{\"name\":\"animation_delay\",\"value\":\"\"},{\"name\":\"background\",\"value\":\"0\"},{\"name\":\"background_color\",\"value\":\"\"},{\"name\":\"background_image\",\"value\":\"\"},{\"name\":\"background_repeat\",\"value\":\"\"},{\"name\":\"background_size\",\"value\":\"\"},{\"name\":\"background_attchment\",\"value\":\"\"},{\"name\":\"background_position\",\"value\":\"\"},{\"name\":\"background_video\",\"value\":\"\"},{\"name\":\"hideonxs\",\"value\":\"0\"},{\"name\":\"hideonsm\",\"value\":\"0\"},{\"name\":\"hideonmd\",\"value\":\"0\"},{\"name\":\"hideonlg\",\"value\":\"0\"},{\"name\":\"hideonxl\",\"value\":\"0\"}]}],\"size\":4,\"type\":\"column\",\"params\":[{\"name\":\"title\",\"value\":\"\"}]}]}],\"params\":[{\"name\":\"title\",\"value\":\"Topbar Section\"},{\"name\":\"customclass\",\"value\":\"p-1\"},{\"name\":\"customid\",\"value\":\"\"},{\"name\":\"layout_type\",\"value\":\"\"},{\"name\":\"custom_container_class\",\"value\":\"\"},{\"name\":\"animation\",\"value\":\"\"},{\"name\":\"animation_delay\",\"value\":\"\"},{\"name\":\"background\",\"value\":\"1\"},{\"name\":\"background_color\",\"value\":\"rgb(44, 46, 54)\"},{\"name\":\"background_image\",\"value\":\"\"},{\"name\":\"background_repeat\",\"value\":\"\"},{\"name\":\"background_size\",\"value\":\"\"},{\"name\":\"background_attchment\",\"value\":\"\"},{\"name\":\"background_position\",\"value\":\"\"},{\"name\":\"background_video\",\"value\":\"\"},{\"name\":\"custom_colors\",\"value\":\"1\"},{\"name\":\"text_color\",\"value\":\"rgb(255, 255, 255)\"},{\"name\":\"link_color\",\"value\":\"rgb(255, 255, 255)\"},{\"name\":\"link_hover_color\",\"value\":\"rgb(255, 255, 255)\"},{\"name\":\"hideonxs\",\"value\":\"1\"},{\"name\":\"hideonsm\",\"value\":\"1\"},{\"name\":\"hideonmd\",\"value\":\"1\"},{\"name\":\"hideonlg\",\"value\":\"0\"},{\"name\":\"hideonxl\",\"value\":\"0\"}]},{\"id\":\"1529472563843\",\"type\":\"section\",\"rows\":[{\"id\":\"1529472563843\",\"cols\":[{\"id\":\"1529472563843\",\"elements\":[{\"id\":\"1529472563843\",\"type\":\"module_position\",\"params\":[{\"name\":\"position\",\"value\":\"astroid-header\"},{\"name\":\"title\",\"value\":\"Astroid Header\"},{\"name\":\"customclass\",\"value\":\"\"},{\"name\":\"customid\",\"value\":\"\"},{\"name\":\"background\",\"value\":\"0\"},{\"name\":\"background_color\",\"value\":\"\"},{\"name\":\"background_image\",\"value\":\"\"},{\"name\":\"background_repeat\",\"value\":\"\"},{\"name\":\"background_size\",\"value\":\"\"},{\"name\":\"background_attchment\",\"value\":\"\"},{\"name\":\"background_position\",\"value\":\"\"},{\"name\":\"background_video\",\"value\":\"\"},{\"name\":\"hideonxs\",\"value\":\"0\"},{\"name\":\"hideonsm\",\"value\":\"0\"},{\"name\":\"hideonmd\",\"value\":\"0\"},{\"name\":\"hideonlg\",\"value\":\"0\"},{\"name\":\"hideonxl\",\"value\":\"0\"},{\"name\":\"animation\",\"value\":\"\"}]}],\"size\":12,\"type\":\"column\"}]}],\"params\":[{\"name\":\"title\",\"value\":\"Header Section\"},{\"name\":\"customclass\",\"value\":\"shadow-sm border-bottom\"},{\"name\":\"customid\",\"value\":\"\"},{\"name\":\"layout_type\",\"value\":\"\"},{\"name\":\"background\",\"value\":\"0\"},{\"name\":\"background_color\",\"value\":\"\"},{\"name\":\"background_image\",\"value\":\"\"},{\"name\":\"background_repeat\",\"value\":\"\"},{\"name\":\"background_size\",\"value\":\"\"},{\"name\":\"background_attchment\",\"value\":\"\"},{\"name\":\"background_position\",\"value\":\"\"},{\"name\":\"background_video\",\"value\":\"\"},{\"name\":\"hideonxs\",\"value\":\"0\"},{\"name\":\"hideonsm\",\"value\":\"0\"},{\"name\":\"hideonmd\",\"value\":\"0\"},{\"name\":\"hideonlg\",\"value\":\"0\"},{\"name\":\"hideonxl\",\"value\":\"0\"},{\"name\":\"animation\",\"value\":\"\"}]},{\"id\":\"1529739480502\",\"type\":\"section\",\"rows\":[{\"id\":\"1529739480502\",\"cols\":[{\"id\":\"1529739480502\",\"elements\":[{\"id\":\"1529739484012\",\"type\":\"module_position\",\"params\":[{\"name\":\"position\",\"value\":\"hero-section\"},{\"name\":\"title\",\"value\":\"Hero Section\"},{\"name\":\"customclass\",\"value\":\"\"},{\"name\":\"customid\",\"value\":\"\"},{\"name\":\"animation\",\"value\":\"\"},{\"name\":\"background\",\"value\":\"0\"},{\"name\":\"background_color\",\"value\":\"\"},{\"name\":\"background_image\",\"value\":\"\"},{\"name\":\"background_repeat\",\"value\":\"\"},{\"name\":\"background_size\",\"value\":\"\"},{\"name\":\"background_attchment\",\"value\":\"\"},{\"name\":\"background_position\",\"value\":\"\"},{\"name\":\"background_video\",\"value\":\"\"},{\"name\":\"hideonxs\",\"value\":\"0\"},{\"name\":\"hideonsm\",\"value\":\"0\"},{\"name\":\"hideonmd\",\"value\":\"0\"},{\"name\":\"hideonlg\",\"value\":\"0\"},{\"name\":\"hideonxl\",\"value\":\"0\"}]}],\"size\":12,\"type\":\"column\"}]}],\"params\":[{\"name\":\"title\",\"value\":\"Hero Section\"},{\"name\":\"customclass\",\"value\":\"\"},{\"name\":\"customid\",\"value\":\"\"},{\"name\":\"layout_type\",\"value\":\"\"},{\"name\":\"custom_container_class\",\"value\":\"\"},{\"name\":\"animation\",\"value\":\"\"},{\"name\":\"animation_delay\",\"value\":\"\"},{\"name\":\"background\",\"value\":\"1\"},{\"name\":\"background_color\",\"value\":\"rgb(248, 249, 250)\"},{\"name\":\"background_image\",\"value\":\"\"},{\"name\":\"background_repeat\",\"value\":\"no-repeat\"},{\"name\":\"background_size\",\"value\":\"\"},{\"name\":\"background_attchment\",\"value\":\"\"},{\"name\":\"background_position\",\"value\":\"center top\"},{\"name\":\"background_video\",\"value\":\"\"},{\"name\":\"custom_colors\",\"value\":\"0\"},{\"name\":\"text_color\",\"value\":\"\"},{\"name\":\"link_color\",\"value\":\"\"},{\"name\":\"link_hover_color\",\"value\":\"\"},{\"name\":\"hideonxs\",\"value\":\"0\"},{\"name\":\"hideonsm\",\"value\":\"0\"},{\"name\":\"hideonmd\",\"value\":\"0\"},{\"name\":\"hideonlg\",\"value\":\"0\"},{\"name\":\"hideonxl\",\"value\":\"0\"}]},{\"id\":\"1532936603488\",\"type\":\"section\",\"rows\":[{\"id\":\"1532936603488\",\"cols\":[{\"id\":\"1532936603488\",\"elements\":[{\"id\":\"1532936878566\",\"type\":\"banner\",\"params\":[{\"name\":\"title\",\"value\":\"Banner\"},{\"name\":\"customclass\",\"value\":\"text-center text-white\"},{\"name\":\"customid\",\"value\":\"\"},{\"name\":\"animation\",\"value\":\"\"},{\"name\":\"background\",\"value\":\"0\"},{\"name\":\"background_color\",\"value\":\"\"},{\"name\":\"background_image\",\"value\":\"\"},{\"name\":\"background_repeat\",\"value\":\"\"},{\"name\":\"background_size\",\"value\":\"\"},{\"name\":\"background_attchment\",\"value\":\"\"},{\"name\":\"background_position\",\"value\":\"\"},{\"name\":\"background_video\",\"value\":\"\"},{\"name\":\"hideonxs\",\"value\":\"0\"},{\"name\":\"hideonsm\",\"value\":\"0\"},{\"name\":\"hideonmd\",\"value\":\"0\"},{\"name\":\"hideonlg\",\"value\":\"0\"},{\"name\":\"hideonxl\",\"value\":\"0\"}]}],\"size\":12,\"type\":\"column\"}]}],\"params\":[{\"name\":\"title\",\"value\":\"Banner Section\"},{\"name\":\"customclass\",\"value\":\"\"},{\"name\":\"customid\",\"value\":\"\"},{\"name\":\"layout_type\",\"value\":\"no-container\"},{\"name\":\"custom_container_class\",\"value\":\"\"},{\"name\":\"animation\",\"value\":\"\"},{\"name\":\"background\",\"value\":\"0\"},{\"name\":\"background_color\",\"value\":\"\"},{\"name\":\"background_image\",\"value\":\"\"},{\"name\":\"background_repeat\",\"value\":\"\"},{\"name\":\"background_size\",\"value\":\"\"},{\"name\":\"background_attchment\",\"value\":\"\"},{\"name\":\"background_position\",\"value\":\"\"},{\"name\":\"background_video\",\"value\":\"\"},{\"name\":\"hideonxs\",\"value\":\"0\"},{\"name\":\"hideonsm\",\"value\":\"0\"},{\"name\":\"hideonmd\",\"value\":\"0\"},{\"name\":\"hideonlg\",\"value\":\"0\"},{\"name\":\"hideonxl\",\"value\":\"0\"}]},{\"id\":\"1529739368326\",\"type\":\"section\",\"rows\":[{\"id\":\"1529739368326\",\"cols\":[{\"id\":\"1529739368326\",\"elements\":[{\"id\":\"1529739373032\",\"type\":\"module_position\",\"params\":[{\"name\":\"position\",\"value\":\"position-1\"},{\"name\":\"title\",\"value\":\"position-1\"},{\"name\":\"customclass\",\"value\":\"\"},{\"name\":\"customid\",\"value\":\"\"},{\"name\":\"background\",\"value\":\"0\"},{\"name\":\"background_color\",\"value\":\"\"},{\"name\":\"background_image\",\"value\":\"\"},{\"name\":\"background_repeat\",\"value\":\"\"},{\"name\":\"background_size\",\"value\":\"\"},{\"name\":\"background_attchment\",\"value\":\"\"},{\"name\":\"background_position\",\"value\":\"\"},{\"name\":\"background_video\",\"value\":\"\"},{\"name\":\"hideonxs\",\"value\":\"0\"},{\"name\":\"hideonsm\",\"value\":\"0\"},{\"name\":\"hideonmd\",\"value\":\"0\"},{\"name\":\"hideonlg\",\"value\":\"0\"},{\"name\":\"hideonxl\",\"value\":\"0\"},{\"name\":\"animation\",\"value\":\"\"}]}],\"size\":12,\"type\":\"column\"}]}],\"params\":[{\"name\":\"title\",\"value\":\"Section 1\"},{\"name\":\"customclass\",\"value\":\"py-3 py-md-5\"},{\"name\":\"customid\",\"value\":\"\"},{\"name\":\"layout_type\",\"value\":\"\"},{\"name\":\"custom_container_class\",\"value\":\"\"},{\"name\":\"animation\",\"value\":\"\"},{\"name\":\"animation_delay\",\"value\":\"\"},{\"name\":\"background\",\"value\":\"0\"},{\"name\":\"background_color\",\"value\":\"\"},{\"name\":\"background_image\",\"value\":\"\"},{\"name\":\"background_repeat\",\"value\":\"\"},{\"name\":\"background_size\",\"value\":\"\"},{\"name\":\"background_attchment\",\"value\":\"\"},{\"name\":\"background_position\",\"value\":\"\"},{\"name\":\"background_video\",\"value\":\"\"},{\"name\":\"custom_colors\",\"value\":\"0\"},{\"name\":\"text_color\",\"value\":\"\"},{\"name\":\"link_color\",\"value\":\"\"},{\"name\":\"link_hover_color\",\"value\":\"\"},{\"name\":\"hideonxs\",\"value\":\"0\"},{\"name\":\"hideonsm\",\"value\":\"0\"},{\"name\":\"hideonmd\",\"value\":\"0\"},{\"name\":\"hideonlg\",\"value\":\"0\"},{\"name\":\"hideonxl\",\"value\":\"0\"}]},{\"id\":\"1529739392758\",\"type\":\"section\",\"rows\":[{\"id\":\"1529739392758\",\"cols\":[{\"id\":\"1529739392758\",\"elements\":[{\"id\":\"1529739392758\",\"type\":\"module_position\",\"params\":[{\"name\":\"position\",\"value\":\"position-2\"},{\"name\":\"title\",\"value\":\"position-2\"},{\"name\":\"customclass\",\"value\":\"\"},{\"name\":\"customid\",\"value\":\"\"},{\"name\":\"background\",\"value\":\"0\"},{\"name\":\"background_color\",\"value\":\"\"},{\"name\":\"background_image\",\"value\":\"\"},{\"name\":\"background_repeat\",\"value\":\"\"},{\"name\":\"background_size\",\"value\":\"\"},{\"name\":\"background_attchment\",\"value\":\"\"},{\"name\":\"background_position\",\"value\":\"\"},{\"name\":\"background_video\",\"value\":\"\"},{\"name\":\"hideonxs\",\"value\":\"0\"},{\"name\":\"hideonsm\",\"value\":\"0\"},{\"name\":\"hideonmd\",\"value\":\"0\"},{\"name\":\"hideonlg\",\"value\":\"0\"},{\"name\":\"hideonxl\",\"value\":\"0\"},{\"name\":\"animation\",\"value\":\"\"}]}],\"size\":12,\"type\":\"column\"}]}],\"params\":[{\"name\":\"title\",\"value\":\"Section 2\"},{\"name\":\"customclass\",\"value\":\"py-3 py-md-5\"},{\"name\":\"customid\",\"value\":\"\"},{\"name\":\"layout_type\",\"value\":\"\"},{\"name\":\"custom_container_class\",\"value\":\"\"},{\"name\":\"animation\",\"value\":\"\"},{\"name\":\"animation_delay\",\"value\":\"\"},{\"name\":\"background\",\"value\":\"1\"},{\"name\":\"background_color\",\"value\":\"rgb(248, 249, 250)\"},{\"name\":\"background_image\",\"value\":\"\"},{\"name\":\"background_repeat\",\"value\":\"\"},{\"name\":\"background_size\",\"value\":\"\"},{\"name\":\"background_attchment\",\"value\":\"\"},{\"name\":\"background_position\",\"value\":\"\"},{\"name\":\"background_video\",\"value\":\"\"},{\"name\":\"custom_colors\",\"value\":\"0\"},{\"name\":\"text_color\",\"value\":\"\"},{\"name\":\"link_color\",\"value\":\"\"},{\"name\":\"link_hover_color\",\"value\":\"\"},{\"name\":\"hideonxs\",\"value\":\"0\"},{\"name\":\"hideonsm\",\"value\":\"0\"},{\"name\":\"hideonmd\",\"value\":\"0\"},{\"name\":\"hideonlg\",\"value\":\"0\"},{\"name\":\"hideonxl\",\"value\":\"0\"}]},{\"id\":\"1529739392463\",\"type\":\"section\",\"rows\":[{\"id\":\"1529739392463\",\"cols\":[{\"id\":\"1529739392463\",\"elements\":[{\"id\":\"1529739392463\",\"type\":\"module_position\",\"params\":[{\"name\":\"position\",\"value\":\"position-3\"},{\"name\":\"title\",\"value\":\"position-3\"},{\"name\":\"customclass\",\"value\":\"\"},{\"name\":\"customid\",\"value\":\"\"},{\"name\":\"background\",\"value\":\"0\"},{\"name\":\"background_color\",\"value\":\"\"},{\"name\":\"background_image\",\"value\":\"\"},{\"name\":\"background_repeat\",\"value\":\"\"},{\"name\":\"background_size\",\"value\":\"\"},{\"name\":\"background_attchment\",\"value\":\"\"},{\"name\":\"background_position\",\"value\":\"\"},{\"name\":\"background_video\",\"value\":\"\"},{\"name\":\"hideonxs\",\"value\":\"0\"},{\"name\":\"hideonsm\",\"value\":\"0\"},{\"name\":\"hideonmd\",\"value\":\"0\"},{\"name\":\"hideonlg\",\"value\":\"0\"},{\"name\":\"hideonxl\",\"value\":\"0\"},{\"name\":\"animation\",\"value\":\"\"}]}],\"size\":12,\"type\":\"column\"}]}],\"params\":[{\"name\":\"title\",\"value\":\"Section 3\"},{\"name\":\"customclass\",\"value\":\"py-3 py-md-5\"},{\"name\":\"customid\",\"value\":\"\"},{\"name\":\"layout_type\",\"value\":\"\"},{\"name\":\"custom_container_class\",\"value\":\"\"},{\"name\":\"animation\",\"value\":\"\"},{\"name\":\"animation_delay\",\"value\":\"\"},{\"name\":\"background\",\"value\":\"0\"},{\"name\":\"background_color\",\"value\":\"\"},{\"name\":\"background_image\",\"value\":\"\"},{\"name\":\"background_repeat\",\"value\":\"\"},{\"name\":\"background_size\",\"value\":\"\"},{\"name\":\"background_attchment\",\"value\":\"\"},{\"name\":\"background_position\",\"value\":\"\"},{\"name\":\"background_video\",\"value\":\"\"},{\"name\":\"custom_colors\",\"value\":\"0\"},{\"name\":\"text_color\",\"value\":\"\"},{\"name\":\"link_color\",\"value\":\"\"},{\"name\":\"link_hover_color\",\"value\":\"\"},{\"name\":\"hideonxs\",\"value\":\"0\"},{\"name\":\"hideonsm\",\"value\":\"0\"},{\"name\":\"hideonmd\",\"value\":\"0\"},{\"name\":\"hideonlg\",\"value\":\"0\"},{\"name\":\"hideonxl\",\"value\":\"0\"}]},{\"id\":\"1529739392157\",\"type\":\"section\",\"rows\":[{\"id\":\"1529739392157\",\"cols\":[{\"id\":\"1529739392157\",\"elements\":[{\"id\":\"1529739392157\",\"type\":\"module_position\",\"params\":[{\"name\":\"position\",\"value\":\"position-4\"},{\"name\":\"title\",\"value\":\"position-4\"},{\"name\":\"customclass\",\"value\":\"\"},{\"name\":\"customid\",\"value\":\"\"},{\"name\":\"background\",\"value\":\"0\"},{\"name\":\"background_color\",\"value\":\"\"},{\"name\":\"background_image\",\"value\":\"\"},{\"name\":\"background_repeat\",\"value\":\"\"},{\"name\":\"background_size\",\"value\":\"\"},{\"name\":\"background_attchment\",\"value\":\"\"},{\"name\":\"background_position\",\"value\":\"\"},{\"name\":\"background_video\",\"value\":\"\"},{\"name\":\"hideonxs\",\"value\":\"0\"},{\"name\":\"hideonsm\",\"value\":\"0\"},{\"name\":\"hideonmd\",\"value\":\"0\"},{\"name\":\"hideonlg\",\"value\":\"0\"},{\"name\":\"hideonxl\",\"value\":\"0\"},{\"name\":\"animation\",\"value\":\"\"}]}],\"size\":12,\"type\":\"column\"}]}],\"params\":[{\"name\":\"title\",\"value\":\"Section 4\"},{\"name\":\"customclass\",\"value\":\"py-3 py-md-5\"},{\"name\":\"customid\",\"value\":\"\"},{\"name\":\"layout_type\",\"value\":\"\"},{\"name\":\"custom_container_class\",\"value\":\"\"},{\"name\":\"animation\",\"value\":\"\"},{\"name\":\"animation_delay\",\"value\":\"\"},{\"name\":\"background\",\"value\":\"1\"},{\"name\":\"background_color\",\"value\":\"rgb(248, 249, 250)\"},{\"name\":\"background_image\",\"value\":\"\"},{\"name\":\"background_repeat\",\"value\":\"\"},{\"name\":\"background_size\",\"value\":\"\"},{\"name\":\"background_attchment\",\"value\":\"\"},{\"name\":\"background_position\",\"value\":\"\"},{\"name\":\"background_video\",\"value\":\"\"},{\"name\":\"custom_colors\",\"value\":\"0\"},{\"name\":\"text_color\",\"value\":\"\"},{\"name\":\"link_color\",\"value\":\"\"},{\"name\":\"link_hover_color\",\"value\":\"\"},{\"name\":\"hideonxs\",\"value\":\"0\"},{\"name\":\"hideonsm\",\"value\":\"0\"},{\"name\":\"hideonmd\",\"value\":\"0\"},{\"name\":\"hideonlg\",\"value\":\"0\"},{\"name\":\"hideonxl\",\"value\":\"0\"}]},{\"id\":\"1528971561366\",\"type\":\"section\",\"rows\":[{\"id\":\"1528971561366\",\"cols\":[{\"id\":\"1530100662663\",\"elements\":[{\"id\":\"1532326898561\",\"type\":\"module_position\",\"params\":[{\"name\":\"position\",\"value\":\"left\"},{\"name\":\"title\",\"value\":\"Left\"},{\"name\":\"customclass\",\"value\":\"\"},{\"name\":\"customid\",\"value\":\"\"},{\"name\":\"animation\",\"value\":\"\"},{\"name\":\"animation_delay\",\"value\":\"\"},{\"name\":\"background\",\"value\":\"0\"},{\"name\":\"background_color\",\"value\":\"\"},{\"name\":\"background_image\",\"value\":\"\"},{\"name\":\"background_repeat\",\"value\":\"\"},{\"name\":\"background_size\",\"value\":\"\"},{\"name\":\"background_attchment\",\"value\":\"\"},{\"name\":\"background_position\",\"value\":\"\"},{\"name\":\"background_video\",\"value\":\"\"},{\"name\":\"hideonxs\",\"value\":\"0\"},{\"name\":\"hideonsm\",\"value\":\"0\"},{\"name\":\"hideonmd\",\"value\":\"0\"},{\"name\":\"hideonlg\",\"value\":\"0\"},{\"name\":\"hideonxl\",\"value\":\"0\"}]}],\"size\":\"3\",\"type\":\"column\"},{\"id\":\"1528971561366\",\"elements\":[{\"id\":\"1528971711775\",\"type\":\"message\",\"params\":[{\"name\":\"title\",\"value\":\"Messages\"},{\"name\":\"customclass\",\"value\":\"\"},{\"name\":\"customid\",\"value\":\"\"},{\"name\":\"animation\",\"value\":\"\"},{\"name\":\"animation_delay\",\"value\":\"\"},{\"name\":\"background\",\"value\":\"0\"},{\"name\":\"background_color\",\"value\":\"\"},{\"name\":\"background_image\",\"value\":\"\"},{\"name\":\"background_repeat\",\"value\":\"\"},{\"name\":\"background_size\",\"value\":\"\"},{\"name\":\"background_attchment\",\"value\":\"\"},{\"name\":\"background_position\",\"value\":\"\"},{\"name\":\"background_video\",\"value\":\"\"},{\"name\":\"hideonxs\",\"value\":\"0\"},{\"name\":\"hideonsm\",\"value\":\"0\"},{\"name\":\"hideonmd\",\"value\":\"0\"},{\"name\":\"hideonlg\",\"value\":\"0\"},{\"name\":\"hideonxl\",\"value\":\"0\"}]},{\"id\":\"381539181673929\",\"type\":\"module_position\",\"params\":[{\"name\":\"position\",\"value\":\"content-top\"},{\"name\":\"title\",\"value\":\"Content Top\"},{\"name\":\"customclass\",\"value\":\"\"},{\"name\":\"customid\",\"value\":\"\"},{\"name\":\"animation\",\"value\":\"\"},{\"name\":\"animation_delay\",\"value\":\"\"},{\"name\":\"background\",\"value\":\"0\"},{\"name\":\"background_color\",\"value\":\"\"},{\"name\":\"background_image\",\"value\":\"\"},{\"name\":\"background_repeat\",\"value\":\"\"},{\"name\":\"background_size\",\"value\":\"\"},{\"name\":\"background_attchment\",\"value\":\"\"},{\"name\":\"background_position\",\"value\":\"\"},{\"name\":\"background_video\",\"value\":\"\"},{\"name\":\"hideonxs\",\"value\":\"0\"},{\"name\":\"hideonsm\",\"value\":\"0\"},{\"name\":\"hideonmd\",\"value\":\"0\"},{\"name\":\"hideonlg\",\"value\":\"0\"},{\"name\":\"hideonxl\",\"value\":\"0\"}]},{\"id\":\"1529739248826\",\"type\":\"component\",\"params\":[{\"name\":\"title\",\"value\":\"Component Area\"},{\"name\":\"customclass\",\"value\":\"\"},{\"name\":\"customid\",\"value\":\"\"},{\"name\":\"animation\",\"value\":\"\"},{\"name\":\"animation_delay\",\"value\":\"\"},{\"name\":\"background\",\"value\":\"0\"},{\"name\":\"background_color\",\"value\":\"\"},{\"name\":\"background_image\",\"value\":\"\"},{\"name\":\"background_repeat\",\"value\":\"\"},{\"name\":\"background_size\",\"value\":\"\"},{\"name\":\"background_attchment\",\"value\":\"\"},{\"name\":\"background_position\",\"value\":\"\"},{\"name\":\"background_video\",\"value\":\"\"},{\"name\":\"hideonxs\",\"value\":\"0\"},{\"name\":\"hideonsm\",\"value\":\"0\"},{\"name\":\"hideonmd\",\"value\":\"0\"},{\"name\":\"hideonlg\",\"value\":\"0\"},{\"name\":\"hideonxl\",\"value\":\"0\"}]},{\"id\":\"581539181699144\",\"type\":\"module_position\",\"params\":[{\"name\":\"position\",\"value\":\"content-bottom\"},{\"name\":\"title\",\"value\":\"Content Bottom\"},{\"name\":\"customclass\",\"value\":\"\"},{\"name\":\"customid\",\"value\":\"\"},{\"name\":\"animation\",\"value\":\"\"},{\"name\":\"animation_delay\",\"value\":\"\"},{\"name\":\"background\",\"value\":\"0\"},{\"name\":\"background_color\",\"value\":\"\"},{\"name\":\"background_image\",\"value\":\"\"},{\"name\":\"background_repeat\",\"value\":\"\"},{\"name\":\"background_size\",\"value\":\"\"},{\"name\":\"background_attchment\",\"value\":\"\"},{\"name\":\"background_position\",\"value\":\"\"},{\"name\":\"background_video\",\"value\":\"\"},{\"name\":\"hideonxs\",\"value\":\"0\"},{\"name\":\"hideonsm\",\"value\":\"0\"},{\"name\":\"hideonmd\",\"value\":\"0\"},{\"name\":\"hideonlg\",\"value\":\"0\"},{\"name\":\"hideonxl\",\"value\":\"0\"}]}],\"size\":\"6\",\"type\":\"column\",\"params\":[{\"name\":\"title\",\"value\":\"\"},{\"name\":\"customclass\",\"value\":\"\"},{\"name\":\"customid\",\"value\":\"\"},{\"name\":\"animation\",\"value\":\"\"},{\"name\":\"animation_delay\",\"value\":\"\"},{\"name\":\"background\",\"value\":\"0\"},{\"name\":\"background_color\",\"value\":\"\"},{\"name\":\"background_image\",\"value\":\"\"},{\"name\":\"background_repeat\",\"value\":\"\"},{\"name\":\"background_size\",\"value\":\"\"},{\"name\":\"background_attchment\",\"value\":\"\"},{\"name\":\"background_position\",\"value\":\"\"},{\"name\":\"background_video\",\"value\":\"\"},{\"name\":\"custom_colors\",\"value\":\"0\"},{\"name\":\"text_color\",\"value\":\"\"},{\"name\":\"link_color\",\"value\":\"\"},{\"name\":\"link_hover_color\",\"value\":\"\"},{\"name\":\"responsive\",\"value\":\"\"}]},{\"id\":\"321538984985652\",\"elements\":[{\"id\":\"231538985022445\",\"type\":\"module_position\",\"params\":[{\"name\":\"position\",\"value\":\"right\"},{\"name\":\"title\",\"value\":\"Right\"},{\"name\":\"customclass\",\"value\":\"\"},{\"name\":\"customid\",\"value\":\"\"},{\"name\":\"animation\",\"value\":\"\"},{\"name\":\"animation_delay\",\"value\":\"\"},{\"name\":\"background\",\"value\":\"0\"},{\"name\":\"background_color\",\"value\":\"\"},{\"name\":\"background_image\",\"value\":\"\"},{\"name\":\"background_repeat\",\"value\":\"\"},{\"name\":\"background_size\",\"value\":\"\"},{\"name\":\"background_attchment\",\"value\":\"\"},{\"name\":\"background_position\",\"value\":\"\"},{\"name\":\"background_video\",\"value\":\"\"},{\"name\":\"hideonxs\",\"value\":\"0\"},{\"name\":\"hideonsm\",\"value\":\"0\"},{\"name\":\"hideonmd\",\"value\":\"0\"},{\"name\":\"hideonlg\",\"value\":\"0\"},{\"name\":\"hideonxl\",\"value\":\"0\"}]}],\"size\":\"3\",\"type\":\"column\",\"params\":[{\"name\":\"title\",\"value\":\"\"}]}]}],\"params\":[{\"name\":\"title\",\"value\":\"Content Section\"},{\"name\":\"customclass\",\"value\":\"py-3 py-md-5\"},{\"name\":\"customid\",\"value\":\"\"},{\"name\":\"layout_type\",\"value\":\"\"},{\"name\":\"custom_container_class\",\"value\":\"\"},{\"name\":\"animation\",\"value\":\"\"},{\"name\":\"animation_delay\",\"value\":\"\"},{\"name\":\"background\",\"value\":\"0\"},{\"name\":\"background_color\",\"value\":\"\"},{\"name\":\"background_image\",\"value\":\"\"},{\"name\":\"background_repeat\",\"value\":\"\"},{\"name\":\"background_size\",\"value\":\"\"},{\"name\":\"background_attchment\",\"value\":\"\"},{\"name\":\"background_position\",\"value\":\"\"},{\"name\":\"background_video\",\"value\":\"\"},{\"name\":\"custom_colors\",\"value\":\"0\"},{\"name\":\"text_color\",\"value\":\"\"},{\"name\":\"link_color\",\"value\":\"\"},{\"name\":\"link_hover_color\",\"value\":\"\"},{\"name\":\"hideonxs\",\"value\":\"0\"},{\"name\":\"hideonsm\",\"value\":\"0\"},{\"name\":\"hideonmd\",\"value\":\"0\"},{\"name\":\"hideonlg\",\"value\":\"0\"},{\"name\":\"hideonxl\",\"value\":\"0\"}]},{\"id\":\"1529739392010\",\"type\":\"section\",\"rows\":[{\"id\":\"1529739392010\",\"cols\":[{\"id\":\"1529739392010\",\"elements\":[{\"id\":\"1529739392010\",\"type\":\"module_position\",\"params\":[{\"name\":\"position\",\"value\":\"position-5\"},{\"name\":\"title\",\"value\":\"position-5\"},{\"name\":\"customclass\",\"value\":\"\"},{\"name\":\"customid\",\"value\":\"\"},{\"name\":\"background\",\"value\":\"0\"},{\"name\":\"background_color\",\"value\":\"\"},{\"name\":\"background_image\",\"value\":\"\"},{\"name\":\"background_repeat\",\"value\":\"\"},{\"name\":\"background_size\",\"value\":\"\"},{\"name\":\"background_attchment\",\"value\":\"\"},{\"name\":\"background_position\",\"value\":\"\"},{\"name\":\"background_video\",\"value\":\"\"},{\"name\":\"hideonxs\",\"value\":\"0\"},{\"name\":\"hideonsm\",\"value\":\"0\"},{\"name\":\"hideonmd\",\"value\":\"0\"},{\"name\":\"hideonlg\",\"value\":\"0\"},{\"name\":\"hideonxl\",\"value\":\"0\"},{\"name\":\"animation\",\"value\":\"\"}]}],\"size\":12,\"type\":\"column\"}]}],\"params\":[{\"name\":\"title\",\"value\":\"Section 5\"},{\"name\":\"customclass\",\"value\":\"py-3 py-md-5\"},{\"name\":\"customid\",\"value\":\"\"},{\"name\":\"layout_type\",\"value\":\"\"},{\"name\":\"custom_container_class\",\"value\":\"\"},{\"name\":\"animation\",\"value\":\"\"},{\"name\":\"animation_delay\",\"value\":\"\"},{\"name\":\"background\",\"value\":\"1\"},{\"name\":\"background_color\",\"value\":\"rgb(248, 249, 250)\"},{\"name\":\"background_image\",\"value\":\"\"},{\"name\":\"background_repeat\",\"value\":\"\"},{\"name\":\"background_size\",\"value\":\"\"},{\"name\":\"background_attchment\",\"value\":\"\"},{\"name\":\"background_position\",\"value\":\"\"},{\"name\":\"background_video\",\"value\":\"\"},{\"name\":\"custom_colors\",\"value\":\"0\"},{\"name\":\"text_color\",\"value\":\"\"},{\"name\":\"link_color\",\"value\":\"\"},{\"name\":\"link_hover_color\",\"value\":\"\"},{\"name\":\"hideonxs\",\"value\":\"0\"},{\"name\":\"hideonsm\",\"value\":\"0\"},{\"name\":\"hideonmd\",\"value\":\"0\"},{\"name\":\"hideonlg\",\"value\":\"0\"},{\"name\":\"hideonxl\",\"value\":\"0\"}]},{\"id\":\"1529739391454\",\"type\":\"section\",\"rows\":[{\"id\":\"1529739391454\",\"cols\":[{\"id\":\"481539175149697\",\"elements\":[{\"id\":\"151539175153120\",\"type\":\"module_position\",\"params\":[{\"name\":\"position\",\"value\":\"position-6\"},{\"name\":\"title\",\"value\":\"Position-6\"},{\"name\":\"customclass\",\"value\":\"\"},{\"name\":\"customid\",\"value\":\"\"},{\"name\":\"animation\",\"value\":\"\"},{\"name\":\"animation_delay\",\"value\":\"\"},{\"name\":\"background\",\"value\":\"0\"},{\"name\":\"background_color\",\"value\":\"\"},{\"name\":\"background_image\",\"value\":\"\"},{\"name\":\"background_repeat\",\"value\":\"\"},{\"name\":\"background_size\",\"value\":\"\"},{\"name\":\"background_attchment\",\"value\":\"\"},{\"name\":\"background_position\",\"value\":\"\"},{\"name\":\"background_video\",\"value\":\"\"},{\"name\":\"hideonxs\",\"value\":\"0\"},{\"name\":\"hideonsm\",\"value\":\"0\"},{\"name\":\"hideonmd\",\"value\":\"0\"},{\"name\":\"hideonlg\",\"value\":\"0\"},{\"name\":\"hideonxl\",\"value\":\"0\"}]}],\"size\":12,\"type\":\"column\",\"params\":[{\"name\":\"title\",\"value\":\"\"}]}]}],\"params\":[{\"name\":\"title\",\"value\":\"Section 6\"},{\"name\":\"customclass\",\"value\":\"py-3 py-md-5\"},{\"name\":\"customid\",\"value\":\"\"},{\"name\":\"layout_type\",\"value\":\"\"},{\"name\":\"custom_container_class\",\"value\":\"\"},{\"name\":\"animation\",\"value\":\"\"},{\"name\":\"animation_delay\",\"value\":\"\"},{\"name\":\"background\",\"value\":\"0\"},{\"name\":\"background_color\",\"value\":\"\"},{\"name\":\"background_image\",\"value\":\"\"},{\"name\":\"background_repeat\",\"value\":\"\"},{\"name\":\"background_size\",\"value\":\"\"},{\"name\":\"background_attchment\",\"value\":\"\"},{\"name\":\"background_position\",\"value\":\"\"},{\"name\":\"background_video\",\"value\":\"\"},{\"name\":\"custom_colors\",\"value\":\"0\"},{\"name\":\"text_color\",\"value\":\"\"},{\"name\":\"link_color\",\"value\":\"\"},{\"name\":\"link_hover_color\",\"value\":\"\"},{\"name\":\"hideonxs\",\"value\":\"0\"},{\"name\":\"hideonsm\",\"value\":\"0\"},{\"name\":\"hideonmd\",\"value\":\"0\"},{\"name\":\"hideonlg\",\"value\":\"0\"},{\"name\":\"hideonxl\",\"value\":\"0\"}]},{\"id\":\"141539181465905\",\"type\":\"section\",\"rows\":[{\"id\":\"271539181465905\",\"cols\":[{\"id\":\"631539181465905\",\"elements\":[{\"id\":\"991539181468711\",\"type\":\"module_position\",\"params\":[{\"name\":\"position\",\"value\":\"position-7\"},{\"name\":\"title\",\"value\":\"Position-7\"},{\"name\":\"customclass\",\"value\":\"\"},{\"name\":\"customid\",\"value\":\"\"},{\"name\":\"animation\",\"value\":\"\"},{\"name\":\"animation_delay\",\"value\":\"\"},{\"name\":\"background\",\"value\":\"0\"},{\"name\":\"background_color\",\"value\":\"\"},{\"name\":\"background_image\",\"value\":\"\"},{\"name\":\"background_repeat\",\"value\":\"\"},{\"name\":\"background_size\",\"value\":\"\"},{\"name\":\"background_attchment\",\"value\":\"\"},{\"name\":\"background_position\",\"value\":\"\"},{\"name\":\"background_video\",\"value\":\"\"},{\"name\":\"hideonxs\",\"value\":\"0\"},{\"name\":\"hideonsm\",\"value\":\"0\"},{\"name\":\"hideonmd\",\"value\":\"0\"},{\"name\":\"hideonlg\",\"value\":\"0\"},{\"name\":\"hideonxl\",\"value\":\"0\"}]}],\"size\":12,\"type\":\"column\",\"params\":[{\"name\":\"title\",\"value\":\"\"}]}]}],\"params\":[{\"name\":\"title\",\"value\":\"Section 7\"},{\"name\":\"customclass\",\"value\":\"py-3 py-md-5\"},{\"name\":\"customid\",\"value\":\"\"},{\"name\":\"layout_type\",\"value\":\"\"},{\"name\":\"custom_container_class\",\"value\":\"\"},{\"name\":\"animation\",\"value\":\"\"},{\"name\":\"animation_delay\",\"value\":\"\"},{\"name\":\"background\",\"value\":\"0\"},{\"name\":\"background_color\",\"value\":\"\"},{\"name\":\"background_image\",\"value\":\"\"},{\"name\":\"background_repeat\",\"value\":\"\"},{\"name\":\"background_size\",\"value\":\"\"},{\"name\":\"background_attchment\",\"value\":\"\"},{\"name\":\"background_position\",\"value\":\"\"},{\"name\":\"background_video\",\"value\":\"\"},{\"name\":\"custom_colors\",\"value\":\"0\"},{\"name\":\"text_color\",\"value\":\"\"},{\"name\":\"link_color\",\"value\":\"\"},{\"name\":\"link_hover_color\",\"value\":\"\"},{\"name\":\"hideonxs\",\"value\":\"0\"},{\"name\":\"hideonsm\",\"value\":\"0\"},{\"name\":\"hideonmd\",\"value\":\"0\"},{\"name\":\"hideonlg\",\"value\":\"0\"},{\"name\":\"hideonxl\",\"value\":\"0\"}]},{\"id\":\"1529743449179\",\"type\":\"section\",\"rows\":[{\"id\":\"1529743449179\",\"cols\":[{\"id\":\"1529743449179\",\"elements\":[{\"id\":\"1529743451237\",\"type\":\"module_position\",\"params\":[{\"name\":\"position\",\"value\":\"fullwidth\"},{\"name\":\"title\",\"value\":\"fullwidth\"},{\"name\":\"customclass\",\"value\":\"\"},{\"name\":\"customid\",\"value\":\"\"},{\"name\":\"background\",\"value\":\"0\"},{\"name\":\"background_color\",\"value\":\"\"},{\"name\":\"background_image\",\"value\":\"\"},{\"name\":\"background_repeat\",\"value\":\"\"},{\"name\":\"background_size\",\"value\":\"\"},{\"name\":\"background_attchment\",\"value\":\"\"},{\"name\":\"background_position\",\"value\":\"\"},{\"name\":\"background_video\",\"value\":\"\"},{\"name\":\"hideonxs\",\"value\":\"0\"},{\"name\":\"hideonsm\",\"value\":\"0\"},{\"name\":\"hideonmd\",\"value\":\"0\"},{\"name\":\"hideonlg\",\"value\":\"0\"},{\"name\":\"hideonxl\",\"value\":\"0\"},{\"name\":\"animation\",\"value\":\"\"}]}],\"size\":12,\"type\":\"column\"}]}],\"params\":[{\"name\":\"title\",\"value\":\"Fullwidth\"},{\"name\":\"customclass\",\"value\":\"\"},{\"name\":\"customid\",\"value\":\"\"},{\"name\":\"layout_type\",\"value\":\"container-fluid\"},{\"name\":\"custom_container_class\",\"value\":\"\"},{\"name\":\"animation\",\"value\":\"\"},{\"name\":\"animation_delay\",\"value\":\"\"},{\"name\":\"background\",\"value\":\"0\"},{\"name\":\"background_color\",\"value\":\"\"},{\"name\":\"background_image\",\"value\":\"\"},{\"name\":\"background_repeat\",\"value\":\"\"},{\"name\":\"background_size\",\"value\":\"\"},{\"name\":\"background_attchment\",\"value\":\"\"},{\"name\":\"background_position\",\"value\":\"\"},{\"name\":\"background_video\",\"value\":\"\"},{\"name\":\"custom_colors\",\"value\":\"0\"},{\"name\":\"text_color\",\"value\":\"\"},{\"name\":\"link_color\",\"value\":\"\"},{\"name\":\"link_hover_color\",\"value\":\"\"},{\"name\":\"hideonxs\",\"value\":\"0\"},{\"name\":\"hideonsm\",\"value\":\"0\"},{\"name\":\"hideonmd\",\"value\":\"0\"},{\"name\":\"hideonlg\",\"value\":\"0\"},{\"name\":\"hideonxl\",\"value\":\"0\"}]},{\"id\":\"1529739293881\",\"type\":\"section\",\"rows\":[{\"id\":\"1529739293881\",\"cols\":[{\"id\":\"1529739293881\",\"elements\":[{\"id\":\"1529739297593\",\"type\":\"module_position\",\"params\":[{\"name\":\"position\",\"value\":\"bottom-1\"},{\"name\":\"title\",\"value\":\"bottom-1\"},{\"name\":\"customclass\",\"value\":\"\"},{\"name\":\"customid\",\"value\":\"\"},{\"name\":\"background\",\"value\":\"0\"},{\"name\":\"background_color\",\"value\":\"\"},{\"name\":\"background_image\",\"value\":\"\"},{\"name\":\"background_repeat\",\"value\":\"\"},{\"name\":\"background_size\",\"value\":\"\"},{\"name\":\"background_attchment\",\"value\":\"\"},{\"name\":\"background_position\",\"value\":\"\"},{\"name\":\"background_video\",\"value\":\"\"},{\"name\":\"hideonxs\",\"value\":\"0\"},{\"name\":\"hideonsm\",\"value\":\"0\"},{\"name\":\"hideonmd\",\"value\":\"0\"},{\"name\":\"hideonlg\",\"value\":\"0\"},{\"name\":\"hideonxl\",\"value\":\"0\"},{\"name\":\"animation\",\"value\":\"\"}]}],\"size\":3,\"type\":\"column\"},{\"id\":\"1529739296224\",\"elements\":[{\"id\":\"1529739298792\",\"type\":\"module_position\",\"params\":[{\"name\":\"position\",\"value\":\"bottom-2\"},{\"name\":\"title\",\"value\":\"bottom-2\"},{\"name\":\"customclass\",\"value\":\"\"},{\"name\":\"customid\",\"value\":\"\"},{\"name\":\"background\",\"value\":\"0\"},{\"name\":\"background_color\",\"value\":\"\"},{\"name\":\"background_image\",\"value\":\"\"},{\"name\":\"background_repeat\",\"value\":\"\"},{\"name\":\"background_size\",\"value\":\"\"},{\"name\":\"background_attchment\",\"value\":\"\"},{\"name\":\"background_position\",\"value\":\"\"},{\"name\":\"background_video\",\"value\":\"\"},{\"name\":\"hideonxs\",\"value\":\"0\"},{\"name\":\"hideonsm\",\"value\":\"0\"},{\"name\":\"hideonmd\",\"value\":\"0\"},{\"name\":\"hideonlg\",\"value\":\"0\"},{\"name\":\"hideonxl\",\"value\":\"0\"},{\"name\":\"animation\",\"value\":\"\"}]}],\"size\":3,\"type\":\"column\"},{\"id\":\"1529739296224\",\"elements\":[{\"id\":\"1529739299698\",\"type\":\"module_position\",\"params\":[{\"name\":\"position\",\"value\":\"bottom-3\"},{\"name\":\"title\",\"value\":\"bottom-3\"},{\"name\":\"customclass\",\"value\":\"\"},{\"name\":\"customid\",\"value\":\"\"},{\"name\":\"background\",\"value\":\"0\"},{\"name\":\"background_color\",\"value\":\"\"},{\"name\":\"background_image\",\"value\":\"\"},{\"name\":\"background_repeat\",\"value\":\"\"},{\"name\":\"background_size\",\"value\":\"\"},{\"name\":\"background_attchment\",\"value\":\"\"},{\"name\":\"background_position\",\"value\":\"\"},{\"name\":\"background_video\",\"value\":\"\"},{\"name\":\"hideonxs\",\"value\":\"0\"},{\"name\":\"hideonsm\",\"value\":\"0\"},{\"name\":\"hideonmd\",\"value\":\"0\"},{\"name\":\"hideonlg\",\"value\":\"0\"},{\"name\":\"hideonxl\",\"value\":\"0\"},{\"name\":\"animation\",\"value\":\"\"}]}],\"size\":3,\"type\":\"column\"},{\"id\":\"1529739296224\",\"elements\":[{\"id\":\"1529739300697\",\"type\":\"module_position\",\"params\":[{\"name\":\"position\",\"value\":\"bottom-4\"},{\"name\":\"title\",\"value\":\"bottom-4\"},{\"name\":\"customclass\",\"value\":\"\"},{\"name\":\"customid\",\"value\":\"\"},{\"name\":\"background\",\"value\":\"0\"},{\"name\":\"background_color\",\"value\":\"\"},{\"name\":\"background_image\",\"value\":\"\"},{\"name\":\"background_repeat\",\"value\":\"\"},{\"name\":\"background_size\",\"value\":\"\"},{\"name\":\"background_attchment\",\"value\":\"\"},{\"name\":\"background_position\",\"value\":\"\"},{\"name\":\"background_video\",\"value\":\"\"},{\"name\":\"hideonxs\",\"value\":\"0\"},{\"name\":\"hideonsm\",\"value\":\"0\"},{\"name\":\"hideonmd\",\"value\":\"0\"},{\"name\":\"hideonlg\",\"value\":\"0\"},{\"name\":\"hideonxl\",\"value\":\"0\"},{\"name\":\"animation\",\"value\":\"\"}]}],\"size\":3,\"type\":\"column\"}]}],\"params\":[{\"name\":\"title\",\"value\":\"Bottom Section\"},{\"name\":\"customclass\",\"value\":\"py-3 py-md-5\"},{\"name\":\"customid\",\"value\":\"\"},{\"name\":\"layout_type\",\"value\":\"\"},{\"name\":\"custom_container_class\",\"value\":\"\"},{\"name\":\"animation\",\"value\":\"\"},{\"name\":\"animation_delay\",\"value\":\"\"},{\"name\":\"background\",\"value\":\"1\"},{\"name\":\"background_color\",\"value\":\"rgb(44, 46, 54)\"},{\"name\":\"background_image\",\"value\":\"\"},{\"name\":\"background_repeat\",\"value\":\"\"},{\"name\":\"background_size\",\"value\":\"\"},{\"name\":\"background_attchment\",\"value\":\"\"},{\"name\":\"background_position\",\"value\":\"\"},{\"name\":\"background_video\",\"value\":\"\"},{\"name\":\"custom_colors\",\"value\":\"1\"},{\"name\":\"text_color\",\"value\":\"rgb(255, 255, 255)\"},{\"name\":\"link_color\",\"value\":\"rgb(255, 255, 255)\"},{\"name\":\"link_hover_color\",\"value\":\"rgb(255, 51, 102)\"},{\"name\":\"hideonxs\",\"value\":\"0\"},{\"name\":\"hideonsm\",\"value\":\"0\"},{\"name\":\"hideonmd\",\"value\":\"0\"},{\"name\":\"hideonlg\",\"value\":\"0\"},{\"name\":\"hideonxl\",\"value\":\"0\"}]},{\"id\":\"1528971627712\",\"type\":\"section\",\"rows\":[{\"id\":\"1528971627712\",\"cols\":[{\"id\":\"1528971627712\",\"elements\":[{\"id\":\"1528971723326\",\"type\":\"module_position\",\"params\":[{\"name\":\"position\",\"value\":\"astroid-footer\"},{\"name\":\"title\",\"value\":\"Astroid Footer\"}]}],\"size\":7,\"type\":\"column\"},{\"id\":\"1529739273646\",\"elements\":[{\"id\":\"1529739275917\",\"type\":\"module_position\",\"params\":[{\"name\":\"position\",\"value\":\"footer-1\"},{\"name\":\"title\",\"value\":\"footer-1\"},{\"name\":\"customclass\",\"value\":\"\"},{\"name\":\"customid\",\"value\":\"\"},{\"name\":\"background\",\"value\":\"0\"},{\"name\":\"background_color\",\"value\":\"\"},{\"name\":\"background_image\",\"value\":\"\"},{\"name\":\"background_repeat\",\"value\":\"\"},{\"name\":\"background_size\",\"value\":\"\"},{\"name\":\"background_attchment\",\"value\":\"\"},{\"name\":\"background_position\",\"value\":\"\"},{\"name\":\"background_video\",\"value\":\"\"},{\"name\":\"hideonxs\",\"value\":\"0\"},{\"name\":\"hideonsm\",\"value\":\"0\"},{\"name\":\"hideonmd\",\"value\":\"0\"},{\"name\":\"hideonlg\",\"value\":\"0\"},{\"name\":\"hideonxl\",\"value\":\"0\"},{\"name\":\"animation\",\"value\":\"\"}]}],\"size\":5,\"type\":\"column\"}]}],\"params\":[{\"name\":\"title\",\"value\":\"Footer Section\"},{\"name\":\"customclass\",\"value\":\"py-2\"},{\"name\":\"customid\",\"value\":\"\"},{\"name\":\"layout_type\",\"value\":\"\"},{\"name\":\"custom_container_class\",\"value\":\"\"},{\"name\":\"animation\",\"value\":\"\"},{\"name\":\"animation_delay\",\"value\":\"\"},{\"name\":\"background\",\"value\":\"1\"},{\"name\":\"background_color\",\"value\":\"rgb(44, 46, 54)\"},{\"name\":\"background_image\",\"value\":\"\"},{\"name\":\"background_repeat\",\"value\":\"\"},{\"name\":\"background_size\",\"value\":\"\"},{\"name\":\"background_attchment\",\"value\":\"\"},{\"name\":\"background_position\",\"value\":\"\"},{\"name\":\"background_video\",\"value\":\"\"},{\"name\":\"custom_colors\",\"value\":\"1\"},{\"name\":\"text_color\",\"value\":\"rgb(255, 255, 255)\"},{\"name\":\"link_color\",\"value\":\"rgb(255, 255, 255)\"},{\"name\":\"link_hover_color\",\"value\":\"rgb(255, 51, 102)\"},{\"name\":\"hideonxs\",\"value\":\"0\"},{\"name\":\"hideonsm\",\"value\":\"0\"},{\"name\":\"hideonmd\",\"value\":\"0\"},{\"name\":\"hideonlg\",\"value\":\"0\"},{\"name\":\"hideonxl\",\"value\":\"0\"}]}]}",
   "astroidcontentlayouts": "header:astroid-header:after,social:topbar-2:after,footer:astroid-footer:after,contactinfo:topbar-1:after",
   "body_typography": "custom",
   "body_typography_options": {
      "font_face": "Source+Sans+Pro:200,200i,300,300i,400,400i,600,600i,700,700i,900,900i",
      "alt_font_face": "Arial, Helvetica, sans-serif",
      "font_weight": "500",
      "font_size_unit": "em",
      "font_size": "1",
      "letter_spacing_unit": "em",
      "letter_spacing": "0",
      "line_height_unit": "em",
      "line_height": "1.7",
      "text_transform": ""
   },
   "menus_typography": "custom",
   "menu_typography_options": {
      "font_face": "Source+Sans+Pro:200,200i,300,300i,400,400i,600,600i,700,700i,900,900i",
      "alt_font_face": "Arial, Helvetica, sans-serif",
      "font_weight": "400",
      "font_size_unit": "em",
      "font_size": "1",
      "letter_spacing_unit": "em",
      "letter_spacing": "0",
      "line_height_unit": "em",
      "line_height": "1.7",
      "text_transform": ""
   },
   "submenus_typography": "custom",
   "submenu_typography_options": {
      "font_face": "Source+Sans+Pro:200,200i,300,300i,400,400i,600,600i,700,700i,900,900i",
      "alt_font_face": "Arial, Helvetica, sans-serif",
      "font_weight": "400",
      "font_size_unit": "em",
      "font_size": "1",
      "letter_spacing_unit": "em",
      "letter_spacing": "0",
      "line_height_unit": "em",
      "line_height": "2",
      "text_transform": ""
   },
   "h1_typography": "custom",
   "h1_typography_options": {
      "font_face": "Source+Sans+Pro:200,200i,300,300i,400,400i,600,600i,700,700i,900,900i",
      "alt_font_face": "Arial, Helvetica, sans-serif",
      "font_weight": "500",
      "font_size_unit": "em",
      "font_size": "3.5",
      "letter_spacing_unit": "em",
      "letter_spacing": "0",
      "line_height_unit": "em",
      "line_height": "1.2",
      "font_color": "",
      "text_transform": ""
   },
   "h2_typography": "custom",
   "h2_typography_options": {
      "font_face": "Source+Sans+Pro:200,200i,300,300i,400,400i,600,600i,700,700i,900,900i",
      "alt_font_face": "Arial, Helvetica, sans-serif",
      "font_weight": "600",
      "font_size_unit": "em",
      "font_size": "2",
      "letter_spacing_unit": "em",
      "letter_spacing": "0",
      "line_height_unit": "em",
      "line_height": "1.2",
      "font_color": "",
      "text_transform": ""
   },
   "h3_typography": "custom",
   "h3_typography_options": {
      "font_face": "Source+Sans+Pro:200,200i,300,300i,400,400i,600,600i,700,700i,900,900i",
      "alt_font_face": "Arial, Helvetica, sans-serif",
      "font_weight": "500",
      "font_size_unit": "em",
      "font_size": "1.8",
      "letter_spacing_unit": "em",
      "letter_spacing": "0",
      "line_height_unit": "em",
      "line_height": "1.2",
      "font_color": "",
      "text_transform": ""
   },
   "h4_typography": "custom",
   "h4_typography_options": {
      "font_face": "Source+Sans+Pro:200,200i,300,300i,400,400i,600,600i,700,700i,900,900i",
      "alt_font_face": "Arial, Helvetica, sans-serif",
      "font_weight": "500",
      "font_size_unit": "em",
      "font_size": "1.6",
      "letter_spacing_unit": "em",
      "letter_spacing": "0",
      "line_height_unit": "em",
      "line_height": "1.2",
      "font_color": "",
      "text_transform": ""
   },
   "h5_typography": "custom",
   "h5_typography_options": {
      "font_face": "Source+Sans+Pro:200,200i,300,300i,400,400i,600,600i,700,700i,900,900i",
      "alt_font_face": "Arial, Helvetica, sans-serif",
      "font_weight": "500",
      "font_size_unit": "em",
      "font_size": "1.4",
      "letter_spacing_unit": "em",
      "letter_spacing": "0",
      "line_height_unit": "em",
      "line_height": "1.2",
      "font_color": "",
      "text_transform": ""
   },
   "h6_typography": "custom",
   "h6_typography_options": {
      "font_face": "Source+Sans+Pro:200,200i,300,300i,400,400i,600,600i,700,700i,900,900i",
      "alt_font_face": "Arial, Helvetica, sans-serif",
      "font_weight": "500",
      "font_size_unit": "em",
      "font_size": "1.2",
      "letter_spacing_unit": "em",
      "letter_spacing": "0",
      "line_height_unit": "em",
      "line_height": "1.2",
      "font_color": "",
      "text_transform": ""
   },
   "article_posttype": "1",
   "astroid_readtime": "1",
   "astroid_badge": "1",
   "article_authorinfo": "1",
   "article_rating": "1",
   "article_relatedposts": "1",
   "article_relatedposts_count": "4",
   "article_socialshare_type": "addthis",
   "article_socialshare_addthis": "",
   "article_socialshare_sharethis": "",
   "article_opengraph": "0",
   "article_opengraph_facebook": "",
   "article_opengraph_twitter": "",
   "article_comments": "none",
   "article_comments_fb_id": "",
   "article_comments_fb_width": "200",
   "article_comments_disqus_id": "",
   "article_comments_hyper_id": "",
   "article_comments_intense_id": "",
   "social_profiles_position": "topbar-2",
   "social_profiles_load_position": "after",
   "social_profiles_style": "1",
   "social_profiles": "[{\"title\":\"Facebook\",\"link\":\"https://www.facebook.com/joomdev\",\"icons\":[\"fab fa-facebook-f\",\"fab fa-facebook\"],\"color\":\"#39539E\",\"enabled\":false,\"icon\":\"fab fa-facebook-f\",\"id\":\"facebook\"},{\"title\":\"Twitter\",\"link\":\"https://twitter.com/joomdev\",\"icons\":[\"fab fa-twitter\",\"fab fa-twitter-square\"],\"color\":\"#3DA9F6\",\"enabled\":false,\"icon\":\"fab fa-twitter\",\"id\":\"twitter\"},{\"title\":\"Github\",\"link\":\"https://github.com/joomdev/astroid-framework\",\"icons\":[\"fab fa-github\",\"fab fa-github-square\",\"fab fa-github-alt\"],\"color\":\"#171515\",\"enabled\":false,\"icon\":\"fab fa-github\",\"id\":\"github\"},{\"title\":\"LinkedIn\",\"link\":\"https://www.linkedin.com/company/joomdev-corporation\",\"icons\":[\"fab fa-linkedin-in\",\"fab fa-linkedin\"],\"color\":\"#006FB8\",\"enabled\":false,\"icon\":\"fab fa-linkedin-in\",\"id\":\"linkedin\"}]",
   "trackingcode": "",
   "beforehead": "",
   "beforebody": "",
   "customcss": "",
   "customcssfiles": "",
   "customjs": "",
   "customjsfiles": "",
   "footer": "1",
   "footer_copyright": "Copyright {year}, {sitename}. Powered by <a href=\"https://www.astroidframework.com/\" target=\"_blank\">Astroid Framework</a>",
   "footer_module_position": "astroid-footer",
   "footer_load_position": "after",
   "contact_details": "1",
   "contact_module_position": "topbar-1",
   "contact_feature_load_position": "after",
   "contact_address": "1826 Locust Street, Bainbridge, GA 31717",
   "contact_phone_number": "+1 (212) 269-1000",
   "contact_mobile_number": "",
   "contact_email_address": "support@example.com",
   "contact_open_hours": "",
   "contact_display": "icons",
   "icon_color": "rgb(255, 255, 255)",
   "developemnt_mode": "0",
   "coming_soon_logo": "",
   "coming_soon_content": "",
   "coming_soon_countdown_date": "2019-03-08",
   "coming_soon_social": "1",
   "coming_soon_background_image": "",
   "coming_soon_background_repeat": "no-repeat",
   "coming_soon_background_attachment": "",
   "coming_soon_background_size": "inherit",
   "coming_soon_background_position": "inherit",
   "error_404_content": "<h1>404</h1>\r\n<p>Looks like something went wrong</p>",
   "error_call_to_action": "Go Home",
   "favicon": "TEMPLATE_NAME/favicon.png"
}